{
    "U_shape": {
        "R": 6,
        "T": 288
    },
    "correctness": {
        "sequential": {
            "best_row": 1,
            "ones": 146
        },
        "dac": {
            "best_row": 1,
            "ones": 146
        },
        "equal": true
    },
    "full_matrix_timing": {
        "n_runs": 20,
        "sequential": {
            "mean": 1.0954999015666545e-05,
            "std": 4.0223699082051475e-06
        },
        "dac": {
            "mean": 0.0003843500016955659,
            "std": 2.863401591501154e-05
        }
    },
    "scale_experiment": {
        "T_values": [
            48,
            96,
            144,
            192,
            240,
            288
        ],
        "sequential_means": [
            1.469000126235187e-05,
            1.3919998309575021e-05,
            1.2630000128410757e-05,
            1.9389999215491117e-05,
            8.379999781027436e-06,
            1.1789999553002417e-05
        ],
        "sequential_stds": [
            1.7947119474553753e-06,
            1.4187644760079777e-06,
            2.6874406394129366e-06,
            1.0505072739458683e-05,
            4.4171397633309706e-07,
            2.3666432998100116e-06
        ],
        "dac_means": [
            0.00010261999850627034,
            0.00025449999666307124,
            0.00018934000399895012,
            0.00031743000145070257,
            0.0004703099955804646,
            0.0004261600028257817
        ],
        "dac_stds": [
            2.8090358803798323e-06,
            0.0001451782849846669,
            4.150288368388973e-06,
            8.440395249021185e-05,
            0.0002356855190926086,
            4.034994969642338e-05
        ],
        "per_T": {
            "48": {
                "sequential": {
                    "mean": 1.469000126235187e-05,
                    "std": 1.7947119474553753e-06
                },
                "dac": {
                    "mean": 0.00010261999850627034,
                    "std": 2.8090358803798323e-06
                }
            },
            "96": {
                "sequential": {
                    "mean": 1.3919998309575021e-05,
                    "std": 1.4187644760079777e-06
                },
                "dac": {
                    "mean": 0.00025449999666307124,
                    "std": 0.0001451782849846669
                }
            },
            "144": {
                "sequential": {
                    "mean": 1.2630000128410757e-05,
                    "std": 2.6874406394129366e-06
                },
                "dac": {
                    "mean": 0.00018934000399895012,
                    "std": 4.150288368388973e-06
                }
            },
            "192": {
                "sequential": {
                    "mean": 1.9389999215491117e-05,
                    "std": 1.0505072739458683e-05
                },
                "dac": {
                    "mean": 0.00031743000145070257,
                    "std": 8.440395249021185e-05
                }
            },
            "240": {
                "sequential": {
                    "mean": 8.379999781027436e-06,
                    "std": 4.4171397633309706e-07
                },
                "dac": {
                    "mean": 0.0004703099955804646,
                    "std": 0.0002356855190926086
                }
            },
            "288": {
                "sequential": {
                    "mean": 1.1789999553002417e-05,
                    "std": 2.3666432998100116e-06
                },
                "dac": {
                    "mean": 0.0004261600028257817,
                    "std": 4.034994969642338e-05
                }
            }
        }
    }
}